Site,ID,Species,Functional_Group,Sample Type,collection,Scientific_name,Category,Cat2,Troph,d13C,d15N,d34S,N%,C%,S%,TL_cm,SL_cm
MA38,MA38-BJ2,Blue Runner,Omnivore,Fin,Dec-22,Caranx crysos,Fish,Fish,1.5,-15.51,6.12,18.72,7.23,26.7,0.36,25.91,20.94
MA38,MA38-BJ4,Blue Runner,Omnivore,Fin,Dec-22,Caranx crysos,Fish,Fish,1.5,-14.39,6.94,17.67,7.88,25.89,0.41,29.16,22.92
MB43,MB43-BJ2,Blue Runner,Omnivore,Fin,Dec-22,Caranx crysos,Fish,Fish,1.5,-15.75,7.15,16.06,8.46,28.71,0.29,NA,NA
MB43,MB43-BJ1,Blue Runner,Omnivore,Fin,Dec-22,Caranx crysos,Fish,Fish,1.5,-15.17,7.29,12.01,8.55,26.7,0.33,32.29,25.74
TC26,TC26-BW41F,Bluehead Wrasse,Invertivore,NA,Dec-22,Thalassoma bifasciatum,Fish,Fish,1.5,-16.1,5.55,19.01,5.46,17.73,0.45,NA,NA
A40,A40-3-TBI-M,Bluehead Wrasse,Carnivore,muscle,Aug-23,Thalassoma bifasciatum,Fish,Fish,1.5,-16.30908898,5.754924297,19.76038272,14.9207851,48.37964448,1.022618051,4.8,NA
B87,B87-16-TBI-M,Bluehead Wrasse,Carnivore,muscle,Aug-23,Thalassoma bifasciatum,Fish,Fish,1.5,-17.84019633,5.847910349,19.82011263,9.134072783,29.65526912,1.041563189,4.1,NA
A91,M/H-A91-01-TBI-M,Bluehead Wrasse,Carnivore,muscle,Aug-23,Thalassoma bifasciatum,Fish,Fish,1.5,-15.70901815,5.921334202,19.3596787,3.746915106,12.96968025,0.455560137,NA,NA
B77,B77-11-TBI-M,Bluehead Wrasse,Carnivore,muscle,Aug-23,Thalassoma bifasciatum,Fish,Fish,1.5,-18.11622048,5.973098061,20.29477685,7.714786494,27.59915934,1.048807727,7.5,NA
A91,M-A91-02-TBI-M,Bluehead Wrasse,Carnivore,muscle,Aug-23,Thalassoma bifasciatum,Fish,Fish,1.5,-15.33200074,6.015609105,19.31138678,11.98522078,38.39296065,1.110214667,7.4,NA
A91,H/F-A91-03-TBI-M,Bluehead Wrasse,Carnivore,muscle,Aug-23,Thalassoma bifasciatum,Fish,Fish,1.5,-16.49982469,6.072555625,20.06440991,11.74097344,39.33984166,1.055852078,4.3,NA
A40,A40-5-TBI-M,Bluehead Wrasse,Carnivore,muscle,Aug-23,Thalassoma bifasciatum,Fish,Fish,1.5,-16.55084278,6.077810666,19.5854273,7.994419576,26.07434735,1.185599728,5,NA
A60,A60-20-TBI-M,Bluehead Wrasse,Carnivore,muscle,Aug-23,Thalassoma bifasciatum,Fish,Fish,1.5,-17.45741949,6.090118943,19.8389687,16.82704129,53.52642425,1.106093135,4.4,NA
B77,B77-12-TBI-M,Bluehead Wrasse,Carnivore,muscle,Aug-23,Thalassoma bifasciatum,Fish,Fish,1.5,-17.08471573,6.176766109,18.98494625,10.31579788,32.60996446,1.152321135,6.6,NA
A59,A59-16-TBI-M,Bluehead Wrasse,Carnivore,muscle,Aug-23,Thalassoma bifasciatum,Fish,Fish,1.5,-16.69631427,6.195506281,20.32087607,6.037853323,18.7240073,1.127201125,6.8,NA
TAM27,TAM27-TBI6-M,Bluehead Wrasse,Carnivore,muscle,Aug-23,Thalassoma bifasciatum,Fish,Fish,1.5,-17.38690797,6.207678947,18.17511324,11.58925007,37.95228279,0.703149413,4.8,NA
B92,B92-17-TBI-M,Bluehead Wrasse,Carnivore,muscle,Aug-23,Thalassoma bifasciatum,Fish,Fish,1.5,-18.19275394,6.211974527,19.99237686,18.48021901,59.52527585,1.024084852,4.5,NA
A62,A62-21-TBI-M,Bluehead Wrasse,Carnivore,muscle,Aug-23,Thalassoma bifasciatum,Fish,Fish,1.5,-17.12500803,6.280083479,19.65364823,16.19086117,50.62610755,1.239510907,5.8,NA
B77,B77-22-TBI-M,Bluehead Wrasse,Carnivore,muscle,Aug-23,Thalassoma bifasciatum,Fish,Fish,1.5,-17.16047699,6.295269214,20.21950542,22.24033552,70.61247186,0.639718149,4.2,NA
TC26,TC26-BW41M,Bluehead Wrasse,Invertivore,NA,Dec-22,Thalassoma bifasciatum,Fish,Fish,1.5,-17.09,6.3,20.13,11.11,35.03,1.56,NA,NA
A91,M-A91-05-TBI-M,Bluehead Wrasse,Carnivore,muscle,Aug-23,Thalassoma bifasciatum,Fish,Fish,1.5,-16.16525269,6.334672759,18.40318093,18.73591037,62.23773006,0.712518794,7.1,NA
B84,B84-6-TBI-1-M,Bluehead Wrasse,Carnivore,muscle,Aug-23,Thalassoma bifasciatum,Fish,Fish,1.5,-17.87866684,6.354835615,18.71735118,7.558298353,24.82474201,0.719618101,4.9,NA
A60,A60-TBI-2-M,Bluehead Wrasse,Carnivore,muscle,Aug-23,Thalassoma bifasciatum,Fish,Fish,1.5,-17.19938431,6.354835615,20.5367412,15.91575013,50.24620718,0.589538048,4.4,NA
B90,B90-3-TBI-M,Bluehead Wrasse,Carnivore,muscle,Aug-23,Thalassoma bifasciatum,Fish,Fish,1.5,-17.90965324,6.365894645,20.60622349,15.27961686,48.86829963,0.401398512,7,NA
A59,A59-13-TBI-M,Bluehead Wrasse,Carnivore,muscle,Aug-23,Thalassoma bifasciatum,Fish,Fish,1.5,-15.81550833,6.378280255,19.4511363,11.25310638,35.72987058,0.885831489,3.9,NA
B90,B90-1-TBI-M,Bluehead Wrasse,Carnivore,muscle,Aug-23,Thalassoma bifasciatum,Fish,Fish,1.5,-18.0517309,6.378694146,20.39212959,16.8758905,53.59819807,0.424152156,7.6,NA
B87,B87-11-TBI-M,Bluehead Wrasse,Carnivore,muscle,Aug-23,Thalassoma bifasciatum,Fish,Fish,1.5,-17.72742118,6.38607334,20.15348038,18.80598758,60.15711433,1.024050741,6.7,NA
A60,A60-14-TBI-M,Bluehead Wrasse,Carnivore,muscle,Aug-23,Thalassoma bifasciatum,Fish,Fish,1.5,-17.40345307,6.396162687,20.11260774,12.86185493,41.48192008,0.496123953,3.7,NA
B87,B87-12-TBI-M,Bluehead Wrasse,Carnivore,muscle,Aug-23,Thalassoma bifasciatum,Fish,Fish,1.5,-17.69704917,6.406252034,20.07278311,13.64694418,44.41156097,1.069102254,5.2,NA
B77,B77-15-TBI-M,Bluehead Wrasse,Carnivore,muscle,Aug-23,Thalassoma bifasciatum,Fish,Fish,1.5,-16.38967358,6.407610496,20.02912863,15.70718661,50.79786623,0.79817539,4.9,NA
B90,B90-7-TBI-M,Bluehead Wrasse,Carnivore,muscle,Aug-23,Thalassoma bifasciatum,Fish,Fish,1.5,-18.07187704,6.41025086,20.18795505,15.56240982,50.775501,1.164295861,6.1,NA
TAM24,TAM24-TBI7-M,Bluehead Wrasse,Carnivore,muscle,Aug-23,Thalassoma bifasciatum,Fish,Fish,1.5,-17.52797362,6.428023964,18.73404382,16.96094241,55.45297789,0.508876011,5,NA
B90,B90-10-TBI-M,Bluehead Wrasse,Carnivore,muscle,Aug-23,Thalassoma bifasciatum,Fish,Fish,1.5,-17.9711463,6.43024963,19.87174741,14.77724572,48.14903411,1.120791112,5.9,NA
B92,B92-19-TBI-M,Bluehead Wrasse,Carnivore,muscle,Aug-23,Thalassoma bifasciatum,Fish,Fish,1.5,-18.02151167,6.433883002,19.91347493,24.3034633,78.37667944,1.12439629,4.6,NA
A59,A59-15-TBI-M,Bluehead Wrasse,Carnivore,muscle,Aug-23,Thalassoma bifasciatum,Fish,Fish,1.5,-17.13855304,6.445568469,20.1655469,6.088613071,19.45876451,1.119112332,6.6,NA
B87,B87-15-TBI-M,Bluehead Wrasse,Carnivore,muscle,Aug-23,Thalassoma bifasciatum,Fish,Fish,1.5,-18.25319239,6.456875972,19.86326034,19.46652889,63.03930702,0.793963634,4.5,NA
TC26,TC26-BW43M,Bluehead Wrasse,Invertivore,NA,Dec-22,Thalassoma bifasciatum,Fish,Fish,1.5,-17.26,6.49,20.3,16.07,50.58,1.21,NA,NA
B84,B84-6-TBI-6-M,Bluehead Wrasse,Carnivore,muscle,Aug-23,Thalassoma bifasciatum,Fish,Fish,1.5,-18.01479861,6.498790216,20.36681068,13.60418319,44.05190144,1.200242427,5.2,NA
A62,A62-17-TBI-M,Bluehead Wrasse,Carnivore,muscle,Aug-23,Thalassoma bifasciatum,Fish,Fish,1.5,-16.94986895,6.519009145,19.93043182,12.66235769,40.52246104,1.174922133,4.8,NA
A59,A59-19-TBI-M,Bluehead Wrasse,Carnivore,muscle,Aug-23,Thalassoma bifasciatum,Fish,Fish,1.5,-17.13855304,6.526219895,18.14280696,10.866507,34.03975446,1.718695649,5.1,NA
TC26,TC26-BW42M,Bluehead Wrasse,Invertivore,NA,Dec-22,Thalassoma bifasciatum,Fish,Fish,1.5,-17.26,6.54,20.13,19.19,62.6,1.49,NA,NA
B84,B84-6-TBI-10-M,Bluehead Wrasse,Carnivore,muscle,Aug-23,Thalassoma bifasciatum,Fish,Fish,1.5,-17.88880539,6.546382751,20.43237643,13.15243617,42.70162157,1.039063716,4.9,NA
B84,B84-6-TBI-8-M,Bluehead Wrasse,Carnivore,muscle,Aug-23,Thalassoma bifasciatum,Fish,Fish,1.5,-18.00465642,6.549337538,20.20812746,19.35661124,62.83391888,0.579623795,4.6,NA
TAM27,TAM27-TBI7-M,Bluehead Wrasse,Carnivore,muscle,Aug-23,Thalassoma bifasciatum,Fish,Fish,1.5,-17.95394549,6.559447003,18.15568523,14.25902704,47.93373356,0.688508764,4.4,NA
B84,B84-6-TBI-5-M,Bluehead Wrasse,Carnivore,muscle,Aug-23,Thalassoma bifasciatum,Fish,Fish,1.5,-18.21764236,6.559447003,20.20395159,16.46979832,54.55277079,1.232888159,3.8,NA
A62,A62-13-TBI-M,Bluehead Wrasse,Carnivore,muscle,Aug-23,Thalassoma bifasciatum,Fish,Fish,1.5,-16.96619777,6.566545608,20.05687843,16.90352771,53.52760063,1.020353425,4.5,NA
A51,A51-20-TBI-M,Bluehead Wrasse,Carnivore,muscle,Aug-23,Thalassoma bifasciatum,Fish,Fish,1.5,-17.25007704,6.566545608,20.4313005,13.18701435,41.90555507,1.114459044,5.6,NA
B87,B87-14-TBI-M,Bluehead Wrasse,Carnivore,muscle,Aug-23,Thalassoma bifasciatum,Fish,Fish,1.5,-18.09188531,6.56768159,19.86632387,15.98041743,51.73897894,1.152036812,4.4,NA
A60,A60-TBI-4-M,Bluehead Wrasse,Carnivore,muscle,Aug-23,Thalassoma bifasciatum,Fish,Fish,1.5,-17.36569863,6.569556467,20.2498862,15.84748435,50.9298354,0.97587915,5.3,NA
B84,B84-6-TBI-7-M,Bluehead Wrasse,Carnivore,muscle,Aug-23,Thalassoma bifasciatum,Fish,Fish,1.5,-18.09157629,6.576627036,20.51952639,14.30745498,46.41121677,1.274697296,4.4,NA
A60,A60-TBI-7-M,Bluehead Wrasse,Carnivore,muscle,Aug-23,Thalassoma bifasciatum,Fish,Fish,1.5,-17.39612519,6.589775397,20.1371376,14.8322836,48.30577671,1.332527442,5.6,NA
A75,A75-12-TBI-3-M,Bluehead Wrasse,Carnivore,muscle,Aug-23,Thalassoma bifasciatum,Fish,Fish,1.5,-17.82797412,6.596789892,20.02998029,17.53609949,55.86061447,0.91602684,6.4,NA
A75,A75-12-TBI-7-M,Bluehead Wrasse,Carnivore,muscle,Aug-23,Thalassoma bifasciatum,Fish,Fish,1.5,-17.72067518,6.599884861,19.60262568,9.881099383,31.63731667,1.014569364,5.5,NA
A60,A60-TBI-9-M,Bluehead Wrasse,Carnivore,muscle,Aug-23,Thalassoma bifasciatum,Fish,Fish,1.5,-17.34541425,6.599884861,19.78845209,22.15994303,71.93194042,1.287110176,4,NA
A51,A51-19-TBI-M,Bluehead Wrasse,Carnivore,muscle,Aug-23,Thalassoma bifasciatum,Fish,Fish,1.5,-17.49754706,6.62010379,20.09015901,17.45569953,56.96967168,1.009078074,4,NA
A75,A75-12-TBI-6-M,Bluehead Wrasse,Carnivore,muscle,Aug-23,Thalassoma bifasciatum,Fish,Fish,1.5,-17.74095955,6.640322719,20.09955473,13.78147202,44.91837495,1.087151128,6.2,NA
A51,A51-15-TBI-M,Bluehead Wrasse,Carnivore,muscle,Aug-23,Thalassoma bifasciatum,Fish,Fish,1.5,-17.05744468,6.657278461,19.99877845,20.22746962,65.65112941,1.303358465,4.3,NA
B92,B92-8-TBI-M,Bluehead Wrasse,Carnivore,muscle,Aug-23,Thalassoma bifasciatum,Fish,Fish,1.5,-18.27333854,6.663154693,19.6759166,12.92425495,42.64698253,1.132878035,5.4,NA
TC26,TC26-BW44M,Bluehead Wrasse,Invertivore,NA,Dec-22,Thalassoma bifasciatum,Fish,Fish,1.5,-17.63,6.67,20.08,15.18,49.21,1.54,NA,NA
A51,A51-14-TBI-M,Bluehead Wrasse,Carnivore,muscle,Aug-23,Thalassoma bifasciatum,Fish,Fish,1.5,-16.70645645,6.700979506,19.6850992,11.55141633,37.33098044,0.845017977,5,NA
B92,B92-9-TBI-M,Bluehead Wrasse,Carnivore,muscle,Aug-23,Thalassoma bifasciatum,Fish,Fish,1.5,-18.19735798,6.721198435,20.14340141,16.60465247,54.18983488,0.914184865,4.4,NA
A62,A62-20-TBI-M,Bluehead Wrasse,Carnivore,muscle,Aug-23,Thalassoma bifasciatum,Fish,Fish,1.5,-17.18924576,6.727848459,16.42993357,23.41457679,74.5894261,1.099243799,6.9,NA
A60,A60-TBI-10-M,Bluehead Wrasse,Carnivore,muscle,Aug-23,Thalassoma bifasciatum,Fish,Fish,1.5,-17.63534176,6.727848459,20.4226931,22.40747751,72.69352544,1.200112121,4.3,NA
B84,B84-12-TBI-M,Bluehead Wrasse,Carnivore,muscle,Aug-23,Thalassoma bifasciatum,Fish,Fish,1.5,-18.26393156,6.727848459,20.69490225,15.4248014,50.71415055,1.409837228,4.9,NA
A60,A60-TBI-8-M,Bluehead Wrasse,Carnivore,muscle,Aug-23,Thalassoma bifasciatum,Fish,Fish,1.5,-17.57868456,6.7313079,19.88240926,16.87191532,55.46189961,1.210934648,4.4,NA
B84,B84-6-TBI-4-M,Bluehead Wrasse,Carnivore,muscle,Aug-23,Thalassoma bifasciatum,Fish,Fish,1.5,-17.95394549,6.741417364,20.53593359,15.18186003,49.55660773,1.09978916,5.3,NA
B92,B92-16-TBI-M,Bluehead Wrasse,Carnivore,muscle,Aug-23,Thalassoma bifasciatum,Fish,Fish,1.5,-18.04165782,6.74700818,20.0792955,13.77930421,45.05994231,0.810073033,3.7,NA
B84,B84-6-TBI-3-M,Bluehead Wrasse,Carnivore,muscle,Aug-23,Thalassoma bifasciatum,Fish,Fish,1.5,-18.25319239,6.770747308,19.5285265,23.8938811,78.15551216,1.284015484,7.4,NA
TAM24,TAM24-TBI1-M,Bluehead Wrasse,Carnivore,muscle,Aug-23,Thalassoma bifasciatum,Fish,Fish,1.5,-17.16530033,6.781795154,18.5222317,17.15866676,55.26594211,0.687878253,8.2,NA
A75,A75-12-TBI-2-M,Bluehead Wrasse,Carnivore,muscle,Aug-23,Thalassoma bifasciatum,Fish,Fish,1.5,-17.74095955,6.781855222,20.14966522,16.5591173,53.13849843,0.849199045,6,NA
B92,B92-18-TBI-M,Bluehead Wrasse,Carnivore,muscle,Aug-23,Thalassoma bifasciatum,Fish,Fish,1.5,-18.07187704,6.791104329,19.81916866,11.82914845,38.70573206,1.003463262,4,NA
A75,A75-12-TBI-8-M,Bluehead Wrasse,Carnivore,muscle,Aug-23,Thalassoma bifasciatum,Fish,Fish,1.5,-17.88295018,6.791964687,19.87614545,25.4603866,83.34407271,1.00036189,4.6,NA
A75,A75-12-TBI-4-M,Bluehead Wrasse,Carnivore,muscle,Aug-23,Thalassoma bifasciatum,Fish,Fish,1.5,-17.46298649,6.798418456,19.1907584,20.57509804,65.57819401,0.434040627,5.9,NA
B84,B84-6-TBI-2-M,Bluehead Wrasse,Carnivore,muscle,Aug-23,Thalassoma bifasciatum,Fish,Fish,1.5,-18.17268466,6.798418456,20.06440991,16.47984256,54.47056093,1.180883154,NA,NA
A75,A75-12-TBI-10-M,Bluehead Wrasse,Carnivore,muscle,Aug-23,Thalassoma bifasciatum,Fish,Fish,1.5,-17.58568513,6.799736576,19.86946792,17.36238544,55.85395969,0.966347448,4.8,NA
A51,A51-18-TBI-M,Bluehead Wrasse,Carnivore,muscle,Aug-23,Thalassoma bifasciatum,Fish,Fish,1.5,-17.47726269,6.802074151,20.12878585,15.80897412,50.38542446,1.163780631,6.1,NA
B90,B90-2-TBI-M,Bluehead Wrasse,Carnivore,muscle,Aug-23,Thalassoma bifasciatum,Fish,Fish,1.5,-17.70717317,6.81991527,20.26142608,22.95776544,73.82550063,1.033453109,6.5,NA
B77,B77-14-TBI-M,Bluehead Wrasse,Carnivore,muscle,Aug-23,Thalassoma bifasciatum,Fish,Fish,1.5,-16.52731901,6.82890037,18.37828632,16.35647401,51.95820613,1.240372239,4.5,NA
B84,B84-11-TBI-M,Bluehead Wrasse,Carnivore,muscle,Aug-23,Thalassoma bifasciatum,Fish,Fish,1.5,-18.45465388,6.834343126,19.75363635,20.90528602,69.73741586,1.287069256,4.5,NA
A75,A75-12-TBI-5-M,Bluehead Wrasse,Carnivore,muscle,Aug-23,Thalassoma bifasciatum,Fish,Fish,1.5,-16.97633631,6.848825598,20.42376902,46.88194574,151.3020017,1.117272974,5.5,NA
B87,B87-13-TBI-M,Bluehead Wrasse,Carnivore,muscle,Aug-23,Thalassoma bifasciatum,Fish,Fish,1.5,-18.28341161,6.856404646,19.7699745,19.84441449,64.46916176,1.016589035,4.2,NA
A59,A59-14-TBI-M,Bluehead Wrasse,Carnivore,muscle,Aug-23,Thalassoma bifasciatum,Fish,Fish,1.5,-17.70631157,6.858907026,19.47803051,11.13913711,35.64299805,1.39455496,4,NA
TAM27,TAM27-TBI5-M,Bluehead Wrasse,Carnivore,muscle,Aug-23,Thalassoma bifasciatum,Fish,Fish,1.5,-17.41640956,6.862730938,18.28096146,20.58943709,68.09594708,0.796023394,4.2,NA
A75,A75-12-TBI-9-M,Bluehead Wrasse,Carnivore,muscle,Aug-23,Thalassoma bifasciatum,Fish,Fish,1.5,-17.97422986,6.872840403,19.78010034,18.41699753,59.71488744,1.149661089,6.1,NA
B77,B77-13-TBI-M,Bluehead Wrasse,Carnivore,muscle,Aug-23,Thalassoma bifasciatum,Fish,Fish,1.5,-17.3365426,6.873329681,19.96949803,17.07328557,54.91555352,1.141820894,5.3,NA
A51,A51-17-TBI-M,Bluehead Wrasse,Carnivore,muscle,Aug-23,Thalassoma bifasciatum,Fish,Fish,1.5,-15.46910961,6.882949867,20.03796058,21.24223425,67.97925796,0.92023257,5.1,NA
A62,A62-14-TBI-M,Bluehead Wrasse,Carnivore,muscle,Aug-23,Thalassoma bifasciatum,Fish,Fish,1.5,-17.04730613,6.899232739,19.00677514,9.33779186,30.12791437,1.501453963,4,NA
TAM27,TAM27-TBI4-M,Bluehead Wrasse,Carnivore,muscle,Aug-23,Thalassoma bifasciatum,Fish,Fish,1.5,-17.91070785,6.924975931,17.71496516,16.23943112,54.9332905,0.490907995,3.9,NA
A60,A60-12-TBI-M,Bluehead Wrasse,Carnivore,muscle,Aug-23,Thalassoma bifasciatum,Fish,Fish,1.5,-15.20654432,6.991434173,19.70492933,13.44506729,43.05780276,0.97266471,7.9,NA
B84,B84-7-TBI-M,Bluehead Wrasse,Carnivore,muscle,Aug-23,Thalassoma bifasciatum,Fish,Fish,1.5,-18.13231549,7.001120401,19.50140758,14.91187576,50.37561698,1.115840974,6.5,NA
A60,A60-TBI-6-M,Bluehead Wrasse,Carnivore,muscle,Aug-23,Thalassoma bifasciatum,Fish,Fish,1.5,-17.57868456,7.014372906,19.94922325,19.83635545,63.56192481,1.121561271,4.2,NA
A75,A75-12-TBI-1-M,Bluehead Wrasse,Carnivore,muscle,Aug-23,Thalassoma bifasciatum,Fish,Fish,1.5,-17.09973297,7.031791562,20.02143031,21.57020707,68.52169924,0.730267479,7.8,NA
A60,A60-TBI-1-M,Bluehead Wrasse,Carnivore,muscle,Aug-23,Thalassoma bifasciatum,Fish,Fish,1.5,-17.28049267,7.050454162,17.67262752,17.21005264,55.80067119,1.044964789,8.4,NA
A60,A60-TBI-5-M,Bluehead Wrasse,Carnivore,muscle,Aug-23,Thalassoma bifasciatum,Fish,Fish,1.5,-17.02702904,7.06053559,19.17784729,12.58390982,41.16614982,1.275766622,6.1,NA
TAM24,TAM24-TBI3-M,Bluehead Wrasse,Carnivore,muscle,Aug-23,Thalassoma bifasciatum,Fish,Fish,1.5,-17.94002525,7.072148951,18.67368114,20.80590411,68.25823088,0.540658666,6.2,NA
A60,A60-16-TBI-M,Bluehead Wrasse,Carnivore,muscle,Aug-23,Thalassoma bifasciatum,Fish,Fish,1.5,-17.91977725,7.11250634,19.08240756,6.738257296,22.60966007,0.952168922,NA,NA
TAM27,TAM27-TBI1-M,Bluehead Wrasse,Carnivore,muscle,Aug-23,Thalassoma bifasciatum,Fish,Fish,1.5,-17.8905617,7.145567056,18.08859475,26.26534602,86.59138487,0.780086808,6.2,NA
TAM24,TAM24-TBI6-M,Bluehead Wrasse,Carnivore,muscle,Aug-23,Thalassoma bifasciatum,Fish,Fish,1.5,-17.41640956,7.186233803,18.89899086,15.02131937,48.53417768,0.898290742,9.1,NA
TAM24,TAM24-TBI4-M,Bluehead Wrasse,Carnivore,muscle,Aug-23,Thalassoma bifasciatum,Fish,Fish,1.5,-18.12224242,7.190029809,18.16703508,5.877372536,19.63764472,0.77348825,6.4,NA
TAM27,TAM27-TBI3-M,Bluehead Wrasse,Carnivore,muscle,Aug-23,Thalassoma bifasciatum,Fish,Fish,1.5,-17.50354067,7.393222721,18.60222715,26.59163057,86.89159533,0.709748476,10,NA
TAM24,TAM24-TBI5-M,Bluehead Wrasse,Carnivore,muscle,Aug-23,Thalassoma bifasciatum,Fish,Fish,1.5,-17.12500803,7.398732861,16.936473,12.31727767,39.95839,0.752755267,10.3,NA
MA38,MA38-DR2,Doctorfish Tang,Algivore,Fin,Dec-22,Acanthurus chirurgus,Fish,Fish,1.5,-17.44,5.95,17.28,8.22,25.09,0.36,21.38,16.65
MA38,MA38-DR1,Doctorfish Tang,Algivore,Fin,Dec-22,Acanthurus chirurgus,Fish,Fish,1.5,-15.07,6.3,14.31,15.1,57.75,0.33,24.77,20.06
MA38,MA38-DR11-AUG23,Doctorfish Tang,Algivore,NA,Aug-23,Acanthurus chirurgus,Fish,Fish,1.5,-14.58290532,6.561679585,16.0683651,17.65515613,53.30703119,0.451720675,27.2,21.5
MA38,MA38-DR10-AUG23,Doctorfish Tang,Algivore,NA,Aug-23,Acanthurus chirurgus,Fish,Fish,1.5,-15.67699282,6.768711606,18.06989831,6.682140999,23.34659777,0.379893119,26.44,20.32
MA38,MA38-DR2,Doctorfish Tang,Algivore,Fin,Dec-22,Acanthurus chirurgus,Fish,Fish,1.5,-14.36,6.78,17.28,8.99,27.78,0.36,21.38,16.65
MC74,MC74-FISHFIN-AUG23,Foureye Butterflyfish,Invertivore,NA,Aug-23,Chaetodon capistratus,Fish,Fish,1.5,-11.83006477,5.825388581,19.60480861,3.593929788,11.46922085,0.28671231,NA,NA
MC41,MC41-BF1M,Foureye Butterflyfish,Invertivore,NA,Dec-22,Chaetodon capistratus,Fish,Fish,1.5,-17.64,6.64,19.11,17.49,57.84,1.6,NA,NA
MC,MC-BF43F,Foureye Butterflyfish,Invertivore,NA,Dec-22,Chaetodon capistratus,Fish,Fish,1.5,-14.25,6.75,16.16,7.29,31.6,16.16,NA,NA
MC74,MC74-BF45F,Foureye Butterflyfish,Invertivore,NA,Dec-22,Chaetodon capistratus,Fish,Fish,1.5,-13.42,7.1,18.03,7.26,35.08,0.34,NA,NA
MC,MC-BF42F,Foureye Butterflyfish,Invertivore,NA,Dec-22,Chaetodon capistratus,Fish,Fish,1.5,-13.13,7.48,18.95,11.54,54.16,0.39,NA,NA
MC74,MC74-BF44M,Foureye Butterflyfish,Invertivore,NA,Dec-22,Chaetodon capistratus,Fish,Fish,1.5,-13.09,7.53,19.08,15.93,53.16,1.83,NA,NA
MC74,MC74-FISHM-AUG23,Foureye Butterflyfish,Invertivore,NA,Aug-23,Chaetodon capistratus,Fish,Fish,1.5,-13.70555183,7.718378923,19.4694686,10.949316,36.07812658,1.694480947,NA,NA
MC,MC-BF43M,Foureye Butterflyfish,Invertivore,NA,Dec-22,Chaetodon capistratus,Fish,Fish,1.5,-13.65,8.13,19.7,9.46,30.49,2.01,NA,NA
MC74,MC74-GR1-AUG23,Grunt,Carnivore,NA,Aug-23,Haemulidae sp.,Fish,Fish,1.5,-9.369990933,6.98754469,17.8617407,6.032215273,19.83586318,0.395434445,21.92,17.73
MA38,MA38-GR10-AUG23,Grunt,Carnivore,NA,Aug-23,Haemulidae sp.,Fish,Fish,1.5,-13.26720947,7.015557601,14.67754621,11.05988401,44.58028115,0.355797981,24.57,19.92
MA38,MA38-GR11-AUG23,Grunt,Carnivore,NA,Aug-23,Haemulidae sp.,Fish,Fish,1.5,-11.19245832,7.065988491,17.38664696,14.14582486,46.69272455,0.385315636,21.36,17.92
MAG15,M15-0524-GR100,Grunt,NA,NA,May-24,Haemulidae sp.,Fish,Fish,1.5,-11.71096187,7.203516044,15.7890139,9.54265304,34.90491347,0.331743988,19.9,15.67
MAG38,M38-0524-GR1,Grunt,NA,NA,May-24,Haemulidae sp.,Fish,Fish,1.5,-12.86051163,7.483109425,16.2382433,7.100502629,25.25963235,0.419779588,20.2,15.76
TC26,TC26-HAM11-AUG23,Hamlet,Carnivore,NA,Aug-23,Hypoplectrus sp.,Fish,Fish,1.5,-13.02086336,6.370535526,17.58296762,11.33133877,36.34113206,0.418968452,13.28,10.42
TC26,TC26-HAM10-AUG23,Hamlet,Carnivore,NA,Aug-23,Hypoplectrus sp.,Fish,Fish,1.5,-12.70478279,6.871875408,18.0212032,8.296439277,25.98000258,0.40062915,14.98,12.38
TA1,TA1-PG20-AUG23,Saucereye Porgy,Carnivore,NA,Aug-23,Calamus calamus,Fish,Fish,1.5,-10.75726662,6.359956022,16.17033746,5.967397849,20.13630272,0.294127646,28.02,22.82
MC74,MC74-SDWY2F,Slippery Dick,Omnivore,NA,Dec-22,Halichoeres bivattus,Fish,Fish,1.5,-13.26,6,18.92,8.31,31.42,0.47,NA,NA
MB43,MB43-FISH1F,Slippery Dick,Omnivore,NA,Dec-22,Halichoeres bivattus,Fish,Fish,1.5,-12.05,6.39,17.86,9.52,30.8,0.48,NA,NA
TC26,TC26-SDW43F,Slippery Dick,Omnivore,NA,Dec-22,Halichoeres bivattus,Fish,Fish,1.5,-13.08,6.56,17.54,17.39,59.88,0.84,NA,NA
TC26,TC26-SDW43M,Slippery Dick,Omnivore,NA,Dec-22,Halichoeres bivattus,Fish,Fish,1.5,-12.81,6.79,17.34,13.21,41.35,1.47,NA,NA
MC74,MC74-SDW41M,Slippery Dick,Omnivore,NA,Dec-22,Halichoeres bivattus,Fish,Fish,1.5,-13.56,6.88,18.79,20.8,65.41,1.26,NA,NA
MB43,MB43-SDW46M,Slippery Dick,Omnivore,NA,Dec-22,Halichoeres bivattus,Fish,Fish,1.5,-13.77,7.09,18.45,13.76,43.81,1.75,NA,NA
MB43,MB43-FISH1M,Slippery Dick,Omnivore,NA,Dec-22,Halichoeres bivattus,Fish,Fish,1.5,-13,7.66,18.68,16.17,50.32,1.6,NA,NA
MAG28,M28-0524-TT1,Tomtate,NA,NA,May-24,Haemulon aurolineatum,Fish,Fish,1.5,-10.89867912,6.492240442,15.98568641,12.28163756,39.21209005,0.456269517,21.15,17.58
MAG28,M28-0524-TT2,Tomtate,NA,NA,May-24,Haemulon aurolineatum,Fish,Fish,1.5,-11.04180199,6.553670954,16.48095257,13.02690235,42.51479141,0.454677668,21.6,17.12
MB43,MB43-FISH2F,Yellowhead Wrasse,Invertivore,NA,Dec-22,Halichoeres garnoti,Fish,Fish,1.5,-12.14,5.7,16.76,10.11,33.35,0.49,NA,NA
TAM24,TAM24-HGA-M,Yellowhead Wrasse,Invertivore,muscle,Aug-23,Halichoeres garnoti,Fish,Fish,1.5,-13.40804349,7.103814623,16.33748404,20.78214158,66.55213909,0.978075257,10.1,NA
MB43,MB43-FISH2M,Yellowhead Wrasse,Invertivore,NA,Dec-22,Halichoeres garnoti,Fish,Fish,1.5,-13.38,7.32,17.49,19.63,61.81,1.07,NA,NA
